source,target,k,rep,f1_macro
M01,M02,0,0,0.6400501108220102
M01,M02,0,1,0.6313588850174217
M01,M02,0,2,0.6870748299319728
M01,M02,0,3,0.6675170068027211
M01,M02,0,4,0.6691780821917808
M01,M02,0,5,0.6418427791717323
M01,M02,0,6,0.6342138211133844
M01,M02,0,7,0.6847298060628884
M01,M02,0,8,0.6740432471951185
M01,M02,0,9,0.6430550936703248
M01,M02,0,10,0.6643332651566634
M01,M02,0,11,0.6805716298495446
M01,M02,0,12,0.6609023389868085
M01,M02,0,13,0.681320435462759
M01,M02,0,14,0.6530172413793103
M01,M02,0,15,0.6283523689333934
M01,M02,0,16,0.6462186412744919
M01,M02,0,17,0.6569133677567413
M01,M02,0,18,0.6653285633590661
M01,M02,0,19,0.6519787163285666
M01,M02,1,0,0.7892625949901492
M01,M02,1,1,0.7846994920165652
M01,M02,1,2,0.7061904761904761
M01,M02,1,3,0.7027065225072433
M01,M02,1,4,0.6953531344100738
M01,M02,1,5,0.6939792663476874
M01,M02,1,6,0.7221865628452675
M01,M02,1,7,0.6807794582017617
M01,M02,1,8,0.7428326914848096
M01,M02,1,9,0.7248835819763086
M01,M02,1,10,0.7827067669172932
M01,M02,1,11,0.8448832107368693
M01,M02,1,12,0.700035650623886
M01,M02,1,13,0.7508866847009318
M01,M02,1,14,0.741864076386824
M01,M02,1,15,0.6598756906077348
M01,M02,1,16,0.8463215824723536
M01,M02,1,17,0.7061904761904761
M01,M02,1,18,0.823966696402022
M01,M02,1,19,0.712280701754386
M01,M02,2,0,0.8818099023017056
M01,M02,2,1,0.7109916861880483
M01,M02,2,2,0.7715225563909774
M01,M02,2,3,0.8293813192103996
M01,M02,2,4,0.7840924391348519
M01,M02,2,5,0.8122032866707243
M01,M02,2,6,0.78635477582846
M01,M02,2,7,0.855633033355186
M01,M02,2,8,0.7597375417161605
M01,M02,2,9,0.6991711805782157
M01,M02,2,10,0.7066522611514123
M01,M02,2,11,0.8416820702402957
M01,M02,2,12,0.7339015151515151
M01,M02,2,13,0.7425249169435216
M01,M02,2,14,0.7298903107861061
M01,M02,2,15,0.715962441314554
M01,M02,2,16,0.7518226454396667
M01,M02,2,17,0.7539088572361787
M01,M02,2,18,0.851461038961039
M01,M02,2,19,0.7770182291666667
M01,M02,3,0,0.7636849290674897
M01,M02,3,1,0.8001033057851239
M01,M02,3,2,0.7844467017208413
M01,M02,3,3,0.8273657289002558
M01,M02,3,4,0.7927644614892937
M01,M02,3,5,0.8344563197026023
M01,M02,3,6,0.9053803339517625
M01,M02,3,7,0.8316563809658538
M01,M02,3,8,0.8108037106969872
M01,M02,3,9,0.7116844639219801
M01,M02,3,10,0.8686708860759493
M01,M02,3,11,0.9150585518720106
M01,M02,3,12,0.7856785356785356
M01,M02,3,13,0.9419716452357402
M01,M02,3,14,0.678913555117359
M01,M02,3,15,0.911245956602838
M01,M02,3,16,0.9052224371373307
M01,M02,3,17,0.7722693831352575
M01,M02,3,18,0.8959919839679359
M01,M02,3,19,0.7839781746031746
M01,M02,4,0,0.9030670025654657
M01,M02,4,1,0.7190019665683383
M01,M02,4,2,0.8036291324881929
M01,M02,4,3,0.7952900658553045
M01,M02,4,4,0.8429232804232805
M01,M02,4,5,0.9288478847884789
M01,M02,4,6,0.7097831835007933
M01,M02,4,7,0.804061197215407
M01,M02,4,8,0.8065086664308454
M01,M02,4,9,0.789247311827957
M01,M02,4,10,0.9501133786848073
M01,M02,4,11,0.7160633484162896
M01,M02,4,12,0.7815078236130868
M01,M02,4,13,0.9634588205062316
M01,M02,4,14,0.8858695652173914
M01,M02,4,15,0.7479861332082866
M01,M02,4,16,0.8736164736164737
M01,M02,4,17,0.9105879035668969
M01,M02,4,18,0.8367931957788628
M01,M02,4,19,0.7510630728310773
M01,M02,5,0,0.7578481945467944
M01,M02,5,1,0.8521924223073649
M01,M02,5,2,0.7733257733257733
M01,M02,5,3,0.975089154604573
M01,M02,5,4,0.9883040935672515
M01,M02,5,5,0.9542945676382298
M01,M02,5,6,0.8467377025251788
M01,M02,5,7,0.8296703296703296
M01,M02,5,8,0.7728573286513201
M01,M02,5,9,0.7704440952214655
M01,M02,5,10,0.8775231860338244
M01,M02,5,11,0.8994424849243372
M01,M02,5,12,0.9617965111689952
M01,M02,5,13,0.9478021978021978
M01,M02,5,14,0.8583159359777314
M01,M02,5,15,0.9284995977473853
M01,M02,5,16,0.8022687609075043
M01,M02,5,17,0.826266416510319
M01,M02,5,18,0.9477827050997782
M01,M02,5,19,0.911319073083779
M01,M02,6,0,0.8764632107023411
M01,M02,6,1,0.7206717956453965
M01,M02,6,2,0.8729245283018867
M01,M02,6,3,0.9169654381184569
M01,M02,6,4,0.7783755181232913
M01,M02,6,5,0.7275936661763434
M01,M02,6,6,0.8225988700564972
M01,M02,6,7,0.8479420428309847
M01,M02,6,8,0.9748951394029114
M01,M02,6,9,0.8496566437762517
M01,M02,6,10,0.8955070603337613
M01,M02,6,11,0.8336889723455104
M01,M02,6,12,0.9293947653607435
M01,M02,6,13,0.8362282878411911
M01,M02,6,14,0.8110621114712289
M01,M02,6,15,0.8241308793456033
M01,M02,6,16,0.9382839272049772
M01,M02,6,17,0.9738962472406181
M01,M02,6,18,0.738882930451283
M01,M02,6,19,0.7821958456973294
M01,M02,7,0,0.8032520325203252
M01,M02,7,1,0.9573732285832426
M01,M02,7,2,0.9171156237049316
M01,M02,7,3,0.8997619047619048
M01,M02,7,4,0.9415626000640409
M01,M02,7,5,0.9252425337645045
M01,M02,7,6,0.908251825320292
M01,M02,7,7,0.8760254996368723
M01,M02,7,8,0.9573196591741528
M01,M02,7,9,0.861037037037037
M01,M02,7,10,0.9411657559198543
M01,M02,7,11,0.8742899398339552
M01,M02,7,12,0.8890850250073551
M01,M02,7,13,0.8529373622098302
M01,M02,7,14,0.8028822055137844
M01,M02,7,15,0.8146565254134975
M01,M02,7,16,0.8998236331569665
M01,M02,7,17,0.9574674275869495
M01,M02,7,18,0.8059964726631393
M01,M02,7,19,0.8420479302832244
M01,M02,8,0,0.7645781577042703
M01,M02,8,1,0.9548527808069793
M01,M02,8,2,0.8074247982391782
M01,M02,8,3,0.8543360433604337
M01,M02,8,4,0.842180774748924
M01,M02,8,5,0.8750650543395071
M01,M02,8,6,0.8637470445001235
M01,M02,8,7,0.9551665725578768
M01,M02,8,8,0.8136322814406491
M01,M02,8,9,0.9573674092502544
M01,M02,8,10,0.9041905523707949
M01,M02,8,11,0.9378094672212319
M01,M02,8,12,0.8752431397193046
M01,M02,8,13,0.8080595874713522
M01,M02,8,14,0.9570822803786354
M01,M02,8,15,0.9207361128819754
M01,M02,8,16,0.8439159057124654
M01,M02,8,17,0.7682749449362092
M01,M02,8,18,0.7655950606770279
M01,M02,8,19,0.9169985775248932
M01,M02,9,0,0.8940397350993378
M01,M02,9,1,0.9000618939550238
M01,M02,9,2,0.8242424242424242
M01,M02,9,3,0.9285077856506427
M01,M02,9,4,0.9017182779456193
M01,M02,9,5,0.9706645898234683
M01,M02,9,6,0.8125734430082256
M01,M02,9,7,0.9313602308157662
M01,M02,9,8,0.8662587412587412
M01,M02,9,9,0.8566896809106177
M01,M02,9,10,0.9322046737113208
M01,M02,9,11,0.9378652123100896
M01,M02,9,12,0.8353108685334598
M01,M02,9,13,0.9016628440366973
M01,M02,9,14,0.9691797845898923
M01,M02,9,15,0.9689434984520124
M01,M02,9,16,0.9342105263157895
M01,M02,9,17,0.8206349206349206
M01,M02,9,18,0.9847968545216252
M01,M02,9,19,0.8515918086387886
M01,M02,10,0,0.9387254901960784
M01,M02,10,1,0.8639448751076658
M01,M02,10,2,0.9287613604794223
M01,M02,10,3,0.881471972614463
M01,M02,10,4,0.984058595433003
M01,M02,10,5,0.8978174603174603
M01,M02,10,6,0.9688933200398804
M01,M02,10,7,0.8772018755544291
M01,M02,10,8,0.9495940606955238
M01,M02,10,9,0.9412798874824191
M01,M02,10,10,0.9337686567164178
M01,M02,10,11,0.954866681118578
M01,M02,10,12,0.949250698501397
M01,M02,10,13,0.9482268987111337
M01,M02,10,14,0.8300990099009902
M01,M02,10,15,0.9671422829581994
M01,M02,10,16,0.9487880444687443
M01,M02,10,17,0.9373450529637142
M01,M02,10,18,0.9109632446134348
M01,M02,10,19,0.9100673210339689
M01,M02,11,0,0.873236331569665
M01,M02,11,1,0.8637973973131292
M01,M02,11,2,0.9648009950248757
M01,M02,11,3,0.9462294773486382
M01,M02,11,4,0.7915697674418605
M01,M02,11,5,0.9519276534983341
M01,M02,11,6,0.9546047860768673
M01,M02,11,7,0.9828769319566473
M01,M02,11,8,0.9140469830833504
M01,M02,11,9,0.9638733705772812
M01,M02,11,10,0.9665760869565218
M01,M02,11,11,0.9647655259822561
M01,M02,11,12,0.892600422832981
M01,M02,11,13,0.9829602209295494
M01,M02,11,14,0.9457800218027426
M01,M02,11,15,0.8502303208185561
M01,M02,11,16,0.9839443257164776
M01,M02,11,17,0.9490132498462571
M01,M02,11,18,0.8229665071770335
M01,M02,11,19,0.8043663274745606
M01,M02,12,0,0.9649717514124294
M01,M02,12,1,0.9450500556173527
M01,M02,12,2,0.9485826001955033
M01,M02,12,3,0.9818950628312787
M01,M02,12,4,0.8601429069362148
M01,M02,12,5,0.9618818681318682
M01,M02,12,6,0.8941176470588236
M01,M02,12,7,0.8418522149092098
M01,M02,12,8,0.9816879568780921
M01,M02,12,9,0.9414141414141414
M01,M02,12,10,0.8589870903674279
M01,M02,12,11,0.981847873877269
M01,M02,12,12,0.9190446650124069
M01,M02,12,13,0.9620232708468003
M01,M02,12,14,0.9302373581011352
M01,M02,12,15,0.9817361258021297
M01,M02,12,16,0.9410887397464578
M01,M02,12,17,0.9143648187495976
M01,M02,12,18,0.9641914191419142
M01,M02,12,19,0.9816350251840372
M01,M02,13,0,0.9370760233918128
M01,M02,13,1,0.8785393169808344
M01,M02,13,2,0.8855042016806722
M01,M02,13,3,0.8685744568097509
M01,M02,13,4,0.9648351648351648
M01,M02,13,5,0.9410430839002267
M01,M02,13,6,0.8624105353564271
M01,M02,13,7,0.9621580547112463
M01,M02,13,8,0.9597527472527473
M01,M02,13,9,0.908149762590488
M01,M02,13,10,0.9618104667609618
M01,M02,13,11,0.9596300645918967
M01,M02,13,12,0.9595543345543346
M01,M02,13,13,0.9371428571428572
M01,M02,13,14,0.90025
M01,M02,13,15,0.9287671232876713
M01,M02,13,16,0.9377099236641222
M01,M02,13,17,0.9185520361990951
M01,M02,13,18,0.9358217270194986
M01,M02,13,19,0.8859667287913302
M01,M02,14,0,0.9314269039976656
M01,M02,14,1,0.9555400372439478
M01,M02,14,2,0.9414741474147414
M01,M02,14,3,0.9306730196545563
M01,M02,14,4,0.9566441441441441
M01,M02,14,5,0.9557692307692307
M01,M02,14,6,0.9361439588688947
M01,M02,14,7,0.8549323017408124
M01,M02,14,8,0.9789384288747346
M01,M02,14,9,0.8645287958115183
M01,M02,14,10,0.8864767073722297
M01,M02,14,11,0.9561688311688312
M01,M02,14,12,0.9563333333333333
M01,M02,14,13,1.0
M01,M02,14,14,0.9315843144525817
M01,M02,14,15,0.9790958408679927
M01,M02,14,16,0.9312196633274812
M01,M02,14,17,0.9315428678749178
M01,M02,14,18,0.9365986394557824
M01,M02,14,19,0.9561965811965811
M01,M02,15,0,0.9403122130394858
M01,M02,15,1,0.9071967973796743
M01,M02,15,2,0.8944444444444445
M01,M02,15,3,0.9002440836251724
M01,M02,15,4,0.9367880085653104
M01,M02,15,5,0.8755244755244755
M01,M02,15,6,0.925215723873442
M01,M02,15,7,0.951954780970325
M01,M02,15,8,0.9025549613784909
M01,M02,15,9,0.977282395984004
M01,M02,15,10,0.9557291666666666
M01,M02,15,11,0.9523033020790868
M01,M02,15,12,0.9256011315417256
M01,M02,15,13,0.9574734208880551
M01,M02,15,14,0.9788505747126437
M01,M02,15,15,0.8827220077220077
M01,M02,15,16,0.8856354135857242
M01,M02,15,17,0.9768681119050503
M01,M02,15,18,0.9523715415019762
M01,M02,15,19,0.9357264957264957
M01,M02,16,0,0.9752158173210804
M01,M02,16,1,0.8777346506704304
M01,M02,16,2,0.9512121212121212
M01,M02,16,3,0.870026525198939
M01,M02,16,4,1.0
M01,M02,16,5,0.9313966041809795
M01,M02,16,6,0.9479757085020243
M01,M02,16,7,0.8990462033940294
M01,M02,16,8,0.9749798224374495
M01,M02,16,9,0.8850037397157816
M01,M02,16,10,0.8597963522434822
M01,M02,16,11,0.9771856007480131
M01,M02,16,12,0.9751803751803751
M01,M02,16,13,0.9178406401442578
M01,M02,16,14,0.9549776286353467
M01,M02,16,15,0.9248677248677248
M01,M02,16,16,0.9770201747761356
M01,M02,16,17,0.9184472934472934
M01,M02,16,18,0.9176969268809607
M01,M02,16,19,0.8482154882154882
M01,M02,17,0,0.9750768904443737
M01,M02,17,1,0.9747659747659747
M01,M02,17,2,0.8329542352834137
M01,M02,17,3,0.9467105263157896
M01,M02,17,4,0.9724617166387852
M01,M02,17,5,0.8014705882352942
M01,M02,17,6,0.9254913464359049
M01,M02,17,7,0.9747659747659747
M01,M02,17,8,0.9422799422799423
M01,M02,17,9,0.7939814814814814
M01,M02,17,10,1.0
M01,M02,17,11,0.8857115066627761
M01,M02,17,12,0.8651960784313726
M01,M02,17,13,0.9173671278934437
M01,M02,17,14,0.9466666666666667
M01,M02,17,15,0.9242979242979243
M01,M02,17,16,0.9726781743090119
M01,M02,17,17,0.8179959100204499
M01,M02,17,18,0.9417270531400965
M01,M02,17,19,0.9459677419354839
M01,M02,18,0,1.0
M01,M02,18,1,0.7961182336182336
M01,M02,18,2,0.8829365079365079
M01,M02,18,3,0.941111111111111
M01,M02,18,4,0.8084077380952381
M01,M02,18,5,1.0
M01,M02,18,6,0.9404121863799283
M01,M02,18,7,0.8178694158075601
M01,M02,18,8,0.9350961538461539
M01,M02,18,9,0.895114006514658
M01,M02,18,10,0.9404121863799283
M01,M02,18,11,1.0
M01,M02,18,12,0.8837514777354525
M01,M02,18,13,0.9404121863799283
M01,M02,18,14,0.941111111111111
M01,M02,18,15,0.8241167434715821
M01,M02,18,16,0.8958217270194986
M01,M02,18,17,0.8358974358974358
M01,M02,18,18,0.8859964921997601
M01,M02,18,19,0.9478632478632478
M01,M02,19,0,0.9650055370985604
M01,M02,19,1,0.9650055370985604
M01,M02,19,2,0.9693597340656164
M01,M02,19,3,0.9342105263157895
M01,M02,19,4,1.0
M01,M02,19,5,0.8934640522875817
M01,M02,19,6,0.8939759036144579
M01,M02,19,7,0.968563943796142
M01,M02,19,8,0.9691797845898923
M01,M02,19,9,0.9068466730954676
M01,M02,19,10,0.8950819672131147
M01,M02,19,11,1.0
M01,M02,19,12,0.9334677419354839
M01,M02,19,13,0.8627002288329519
M01,M02,19,14,0.9422610383309074
M01,M02,19,15,0.906814210832848
M01,M02,19,16,0.9653042688465032
M01,M02,19,17,0.8933333333333333
M01,M02,19,18,0.9257781324820431
M01,M02,19,19,0.7896907216494845
M01,M02,20,0,0.9056422569027611
M01,M02,20,1,0.9334349593495934
M01,M02,20,2,0.8515562649640862
M01,M02,20,3,0.8231981981981982
M01,M02,20,4,0.9602397602397603
M01,M02,20,5,0.9602531144947597
M01,M02,20,6,0.870433789954338
M01,M02,20,7,0.8399328859060402
M01,M02,20,8,0.964642375168691
M01,M02,20,9,0.9133986928104576
M01,M02,20,10,0.964642375168691
M01,M02,20,11,0.8939271255060729
M01,M02,20,12,0.964642375168691
M01,M02,20,13,0.7924744751634737
M01,M02,20,14,0.9245391705069124
M01,M02,20,15,0.7587607922803453
M01,M02,20,16,0.8409090909090908
M01,M02,20,17,0.9655277145026575
M01,M02,20,18,0.84
M01,M02,20,19,1.0
M01,M03,0,0,0.8731167608286252
M01,M03,0,1,0.6844748436392766
M01,M03,0,2,0.8053448898519322
M01,M03,0,3,0.8096751412429379
M01,M03,0,4,0.8731167608286252
M01,M03,0,5,0.8124844689627753
M01,M03,0,6,0.6501544772438144
M01,M03,0,7,0.830503144654088
M01,M03,0,8,0.7452741020793952
M01,M03,0,9,0.7338271604938271
M01,M03,0,10,0.830503144654088
M01,M03,0,11,0.8985888993414863
M01,M03,0,12,0.7338271604938271
M01,M03,0,13,0.830503144654088
M01,M03,0,14,0.7556562950752113
M01,M03,0,15,0.8731167608286252
M01,M03,0,16,0.8505849087985807
M01,M03,0,17,0.8505849087985807
M01,M03,0,18,0.8731167608286252
M01,M03,0,19,0.8505849087985807
M01,M03,1,0,0.8830673969992855
M01,M03,1,1,0.8312714776632302
M01,M03,1,2,0.8312925170068026
M01,M03,1,3,0.8830545105258945
M01,M03,1,4,0.8312925170068026
M01,M03,1,5,0.8830673969992855
M01,M03,1,6,0.8312456506610995
M01,M03,1,7,0.8830673969992855
M01,M03,1,8,0.8830832089259055
M01,M03,1,9,0.8729035639412999
M01,M03,1,10,0.8830479864962624
M01,M03,1,11,0.8312456506610995
M01,M03,1,12,0.8830832089259055
M01,M03,1,13,0.8729296066252588
M01,M03,1,14,0.9275551684088269
M01,M03,1,15,0.8984293193717278
M01,M03,1,16,0.8312543312543312
M01,M03,1,17,0.8830479864962624
M01,M03,1,18,0.8830479864962624
M01,M03,1,19,0.8830479864962624
M01,M03,2,0,0.915495706479313
M01,M03,2,1,0.8619414483821264
M01,M03,2,2,0.8619298789947254
M01,M03,2,3,0.7979591836734694
M01,M03,2,4,0.8619414483821264
M01,M03,2,5,0.8619062598301352
M01,M03,2,6,0.8618982408090172
M01,M03,2,7,0.8548597521200261
M01,M03,2,8,0.8619414483821264
M01,M03,2,9,0.9155277145026576
M01,M03,2,10,0.9155277145026576
M01,M03,2,11,0.7977116704805491
M01,M03,2,12,0.8619414483821264
M01,M03,2,13,0.9155065738592421
M01,M03,2,14,0.9155328798185941
M01,M03,2,15,0.8618982408090172
M01,M03,2,16,0.861937609389478
M01,M03,2,17,0.9155555555555556
M01,M03,2,18,0.9155119322555813
M01,M03,2,19,0.9609577414455464
M01,M03,3,0,0.9539149375214948
M01,M03,3,1,0.8314559866499791
M01,M03,3,2,0.8987593052109182
M01,M03,3,3,0.8987405541561713
M01,M03,3,4,0.831615120274914
M01,M03,3,5,0.8988399071925754
M01,M03,3,6,0.8987244897959183
M01,M03,3,7,0.8986842105263158
M01,M03,3,8,0.8987593052109182
M01,M03,3,9,0.9539019539019539
M01,M03,3,10,0.8987405541561713
M01,M03,3,11,0.8988532110091743
M01,M03,3,12,0.8987244897959183
M01,M03,3,13,0.7477220956719818
M01,M03,3,14,0.8986842105263158
M01,M03,3,15,0.9540218943360305
M01,M03,3,16,0.7974293059125963
M01,M03,3,17,0.7474093264248705
M01,M03,3,18,0.8988399071925754
M01,M03,3,19,0.8314559866499791
M01,M03,4,0,1.0
M01,M03,4,1,0.5768059181897303
M01,M03,4,2,0.8737405541561714
M01,M03,4,3,0.9437291368621841
M01,M03,4,4,0.8737405541561714
M01,M03,4,5,0.7091043671354552
M01,M03,4,6,0.7474293059125964
M01,M03,4,7,0.9437208554429972
M01,M03,4,8,0.9437856829161178
M01,M03,4,9,0.9437291368621841
M01,M03,4,10,0.8738399071925754
M01,M03,4,11,0.8738532110091743
M01,M03,4,12,0.9438058748403575
M01,M03,4,13,0.7834986284026166
M01,M03,4,14,0.8737012987012986
M01,M03,4,15,0.873533724340176
M01,M03,4,16,0.8737212276214834
M01,M03,4,17,0.9438009438009438
M01,M03,4,18,0.8735714285714286
M01,M03,4,19,0.7838274932614555
M01,M03,5,0,0.8320578231292517
M01,M03,5,1,0.6353721129170231
M01,M03,5,2,0.8318540433925049
M01,M03,5,3,0.6980544747081712
M01,M03,5,4,0.6978354978354979
M01,M03,5,5,0.9278306878306878
M01,M03,5,6,0.8316610925306578
M01,M03,5,7,0.9279126670431018
M01,M03,5,8,1.0
M01,M03,5,9,0.7474358974358974
M01,M03,5,10,0.9279907084785133
M01,M03,5,11,0.832034632034632
M01,M03,5,12,1.0
M01,M03,5,13,0.9279279279279279
M01,M03,5,14,0.831888246628131
M01,M03,5,15,0.9278478395699814
M01,M03,5,16,0.8320545609548167
M01,M03,5,17,0.6977843426883309
M01,M03,5,18,0.8318540433925049
M01,M03,5,19,1.0
M01,M03,6,0,0.7487146529562982
M01,M03,6,1,1.0
M01,M03,6,2,1.0
M01,M03,6,3,0.8992846924177397
M01,M03,6,4,0.8318496538081108
M01,M03,6,5,0.7485207100591715
M01,M03,6,6,0.8992846924177397
M01,M03,6,7,0.8992846924177397
M01,M03,6,8,1.0
M01,M03,6,9,0.8991624790619765
M01,M03,6,10,1.0
M01,M03,6,11,0.8991624790619765
M01,M03,6,12,0.8991624790619765
M01,M03,6,13,0.8992764109985528
M01,M03,6,14,1.0
M01,M03,6,15,0.8992592592592592
M01,M03,6,16,0.8993564993564993
M01,M03,6,17,0.7483277591973244
M01,M03,6,18,1.0
M01,M03,6,19,0.6977777777777778
M01,M03,7,0,1.0
M01,M03,7,1,1.0
M01,M03,7,2,0.8324958123953099
M01,M03,7,3,0.8324958123953099
M01,M03,7,4,0.8326898326898327
M01,M03,7,5,1.0
M01,M03,7,6,0.8325925925925926
M01,M03,7,7,1.0
M01,M03,7,8,1.0
M01,M03,7,9,1.0
M01,M03,7,10,1.0
M01,M03,7,11,1.0
M01,M03,7,12,0.8326097443318861
M01,M03,7,13,0.6977711738484398
M01,M03,7,14,0.8324958123953099
M01,M03,7,15,1.0
M01,M03,7,16,0.8325925925925926
M01,M03,7,17,1.0
M01,M03,7,18,1.0
M01,M03,7,19,0.8324958123953099
M01,M03,8,0,1.0
M01,M03,8,1,1.0
M01,M03,8,2,1.0
M01,M03,8,3,0.49925925925925924
M01,M03,8,4,0.4991624790619765
M01,M03,8,5,0.49925925925925924
M01,M03,8,6,1.0
M01,M03,8,7,1.0
M01,M03,8,8,0.49925925925925924
M01,M03,8,9,1.0
M01,M03,8,10,1.0
M01,M03,8,11,0.4991624790619765
M01,M03,8,12,0.4991624790619765
M01,M03,8,13,1.0
M01,M03,8,14,1.0
M01,M03,8,15,1.0
M01,M03,8,16,1.0
M01,M03,8,17,1.0
M01,M03,8,18,1.0
M01,M03,8,19,1.0
M02,M01,0,0,0.9577533577533577
M02,M01,0,1,0.9577533577533577
M02,M01,0,2,0.9753814530792948
M02,M01,0,3,0.9577533577533577
M02,M01,0,4,0.9485391327340031
M02,M01,0,5,0.9390405557326711
M02,M01,0,6,0.9390405557326711
M02,M01,0,7,0.9485391327340031
M02,M01,0,8,0.9577533577533577
M02,M01,0,9,0.9485391327340031
M02,M01,0,10,0.9577533577533577
M02,M01,0,11,0.9292433537832311
M02,M01,0,12,0.9577533577533577
M02,M01,0,13,0.9577533577533577
M02,M01,0,14,0.9485391327340031
M02,M01,0,15,0.9292433537832311
M02,M01,0,16,0.9753814530792948
M02,M01,0,17,0.966696611909651
M02,M01,0,18,0.9485391327340031
M02,M01,0,19,0.9390405557326711
M02,M01,1,0,0.9161666380936053
M02,M01,1,1,0.9054288734521292
M02,M01,1,2,0.9745330176269402
M02,M01,1,3,0.9917427205562799
M02,M01,1,4,0.9368694786152967
M02,M01,1,5,0.916013437849944
M02,M01,1,6,0.9466960352422907
M02,M01,1,7,0.9917576373021918
M02,M01,1,8,0.9655680224403926
M02,M01,1,9,0.9655585293703338
M02,M01,1,10,0.9655585293703338
M02,M01,1,11,0.9468152866242039
M02,M01,1,12,0.9745439339292248
M02,M01,1,13,0.9467462039045553
M02,M01,1,14,0.965514763991666
M02,M01,1,15,0.9466292134831461
M02,M01,1,16,0.9656051833471189
M02,M01,1,17,0.9563596453023466
M02,M01,1,18,0.916013437849944
M02,M01,1,19,0.9368694786152967
M02,M01,2,0,0.9914894392506333
M02,M01,2,1,0.934729087913153
M02,M01,2,2,0.9547502486785903
M02,M01,2,3,0.9643625192012288
M02,M01,2,4,0.9344836827674357
M02,M01,2,5,0.9546893983150431
M02,M01,2,6,0.954814970162628
M02,M01,2,7,0.9547502486785903
M02,M01,2,8,0.9545520878937603
M02,M01,2,9,0.9736837140862873
M02,M01,2,10,0.9642156862745098
M02,M01,2,11,0.954668538762411
M02,M01,2,12,0.9547167577593181
M02,M01,2,13,0.9344836827674357
M02,M01,2,14,0.9736304766349688
M02,M01,2,15,0.9344148902722756
M02,M01,2,16,0.9448821969105945
M02,M01,2,17,0.9546473808609928
M02,M01,2,18,0.9548585693638907
M02,M01,2,19,0.9447464503042596
M02,M01,3,0,0.9426502338970852
M02,M01,3,1,0.9911630738229675
M02,M01,3,2,0.9427521008403361
M02,M01,3,3,0.972630745894612
M02,M01,3,4,0.9425121223424096
M02,M01,3,5,0.9820578231292517
M02,M01,3,6,0.9911496839172828
M02,M01,3,7,0.9629727121172238
M02,M01,3,8,0.9323636363636363
M02,M01,3,9,0.9911630738229675
M02,M01,3,10,0.9629399217916814
M02,M01,3,11,0.9426502338970852
M02,M01,3,12,0.9727755508983255
M02,M01,3,13,0.94284005468216
M02,M01,3,14,0.9726051805162699
M02,M01,3,15,1.0
M02,M01,3,16,0.991214350537759
M02,M01,3,17,0.9208368674017529
M02,M01,3,18,0.9532163742690059
M02,M01,3,19,0.9324088341037493
M02,M01,4,0,0.9615975422427036
M02,M01,4,1,0.9287770789657582
M02,M01,4,2,0.9510391431850057
M02,M01,4,3,0.9909058450423204
M02,M01,4,4,0.9294461351186853
M02,M01,4,5,0.9510971786833855
M02,M01,4,6,0.9908868541247267
M02,M01,4,7,0.9511716353821618
M02,M01,4,8,0.9908182101503129
M02,M01,4,9,0.9617083946980854
M02,M01,4,10,0.9717635959296449
M02,M01,4,11,0.9406179138321995
M02,M01,4,12,0.9814323607427056
M02,M01,4,13,0.951048951048951
M02,M01,4,14,0.9715685546730013
M02,M01,4,15,0.9813051323175621
M02,M01,4,16,0.990875228670296
M02,M01,4,17,0.9908241614567238
M02,M01,4,18,0.9908683935054233
M02,M01,4,19,0.9814927979048451
M02,M01,5,0,0.9904229171963725
M02,M01,5,1,0.9808095238095238
M02,M01,5,2,0.9601618425147838
M02,M01,5,3,0.9598281667247184
M02,M01,5,4,0.9375306222439981
M02,M01,5,5,0.949233066377087
M02,M01,5,6,0.9904829136925772
M02,M01,5,7,0.9600475110679192
M02,M01,5,8,0.9707664884135472
M02,M01,5,9,0.9256064864166424
M02,M01,5,10,0.9806977704376548
M02,M01,5,11,0.9259962049335864
M02,M01,5,12,0.9599418149267092
M02,M01,5,13,0.9381981032665965
M02,M01,5,14,0.9807264265479563
M02,M01,5,15,0.9603856433753342
M02,M01,5,16,0.9603722893878335
M02,M01,5,17,0.949159116726235
M02,M01,5,18,0.938117748173614
M02,M01,5,19,0.9492122436720094
M02,M01,6,0,0.969168602246333
M02,M01,6,1,0.9801587301587301
M02,M01,6,2,0.9797808012093726
M02,M01,6,3,0.9902038722913193
M02,M01,6,4,0.9697007763233927
M02,M01,6,5,0.9902117408393559
M02,M01,6,6,0.9901770264874218
M02,M01,6,7,0.9900514579759863
M02,M01,6,8,1.0
M02,M01,6,9,0.969358019603803
M02,M01,6,10,0.9583126550868486
M02,M01,6,11,1.0
M02,M01,6,12,0.9585622710622711
M02,M01,6,13,0.9901216893342877
M02,M01,6,14,0.9696738217095715
M02,M01,6,15,0.969142746938382
M02,M01,6,16,0.9586059102188135
M02,M01,6,17,0.979997801956259
M02,M01,6,18,0.9901480559014806
M02,M01,6,19,0.9800488167250345
M02,M01,7,0,0.945054945054945
M02,M01,7,1,0.9566777408637874
M02,M01,7,2,0.989898480993526
M02,M01,7,3,0.9681088964511424
M02,M01,7,4,0.9455313159746657
M02,M01,7,5,0.9567637540453074
M02,M01,7,6,0.9789309954751131
M02,M01,7,7,0.9896585967195151
M02,M01,7,8,0.9898725564598435
M02,M01,7,9,0.9791511077918845
M02,M01,7,10,0.9897285167978256
M02,M01,7,11,0.9897024798774725
M02,M01,7,12,0.9683325961963734
M02,M01,7,13,0.9329819277108433
M02,M01,7,14,0.9680756724800472
M02,M01,7,15,0.9897884327591773
M02,M01,7,16,0.9561977186311788
M02,M01,7,17,0.9789104947097512
M02,M01,7,18,0.9897711251762307
M02,M01,7,19,0.9897979885807031
M02,M01,8,0,0.9892176048501592
M02,M01,8,1,0.9894327196527466
M02,M01,8,2,1.0
M02,M01,8,3,1.0
M02,M01,8,4,0.943190565631062
M02,M01,8,5,0.9785250737463127
M02,M01,8,6,0.989358557493349
M02,M01,8,7,0.9892289604429779
M02,M01,8,8,0.9545880149812733
M02,M01,8,9,0.9553482587064677
M02,M01,8,10,1.0
M02,M01,8,11,1.0
M02,M01,8,12,0.9894928435509225
M02,M01,8,13,0.9893557422969188
M02,M01,8,14,0.9670906647498203
M02,M01,8,15,0.9671321160042965
M02,M01,8,16,0.9670976787661629
M02,M01,8,17,0.9544270833333333
M02,M01,8,18,0.9784126984126984
M02,M01,8,19,0.9666455247546917
M02,M01,9,0,0.9889881639246976
M02,M01,9,1,1.0
M02,M01,9,2,1.0
M02,M01,9,3,0.9652495676306158
M02,M01,9,4,0.988980257682192
M02,M01,9,5,0.9775793650793652
M02,M01,9,6,0.9890744176458461
M02,M01,9,7,0.9775793650793652
M02,M01,9,8,0.9772940074906367
M02,M01,9,9,0.9886138852704203
M02,M01,9,10,0.9652918102935932
M02,M01,9,11,0.9888174447861335
M02,M01,9,12,0.9655725435689084
M02,M01,9,13,0.9889202616247901
M02,M01,9,14,0.9889959183673469
M02,M01,9,15,0.9397363465160076
M02,M01,9,16,0.9889639716119393
M02,M01,9,17,0.9888751080542715
M02,M01,9,18,0.9889441296109585
M02,M01,9,19,0.9773079306071871
M02,M01,10,0,0.9762365780672417
M02,M01,10,1,0.9509090909090909
M02,M01,10,2,0.9761056971514244
M02,M01,10,3,0.950480413895048
M02,M01,10,4,0.9503260452627541
M02,M01,10,5,0.9884704365305116
M02,M01,10,6,0.9763669301712781
M02,M01,10,7,1.0
M02,M01,10,8,1.0
M02,M01,10,9,0.988277103429178
M02,M01,10,10,0.9883983109908581
M02,M01,10,11,0.98798429165934
M02,M01,10,12,0.9762116892373486
M02,M01,10,13,0.9884860453851027
M02,M01,10,14,0.9763000852514919
M02,M01,10,15,0.9636116768499661
M02,M01,10,16,0.9507140369209335
M02,M01,10,17,0.988190741940306
M02,M01,10,18,1.0
M02,M01,10,19,0.9885185318072549
M02,M01,11,0,0.9323930905091544
M02,M01,11,1,1.0
M02,M01,11,2,0.9878406708595387
M02,M01,11,3,0.9483159117305459
M02,M01,11,4,0.9479166666666667
M02,M01,11,5,1.0
M02,M01,11,6,0.9877179287015352
M02,M01,11,7,1.0
M02,M01,11,8,0.97557781201849
M02,M01,11,9,0.9491236233907243
M02,M01,11,10,0.9626287168807127
M02,M01,11,11,0.9482315747875913
M02,M01,11,12,0.9879543094496366
M02,M01,11,13,0.9754277088225428
M02,M01,11,14,0.9623740487224183
M02,M01,11,15,0.9878493878493879
M02,M01,11,16,1.0
M02,M01,11,17,0.9881039595325309
M02,M01,11,18,0.9614487974071757
M02,M01,11,19,0.9879976232917409
M02,M01,12,0,0.9868241054071567
M02,M01,12,1,0.9604206221702936
M02,M01,12,2,0.9735863095238095
M02,M01,12,3,0.9869793353630887
M02,M01,12,4,0.9874613462108697
M02,M01,12,5,1.0
M02,M01,12,6,0.9870387596899224
M02,M01,12,7,1.0
M02,M01,12,8,0.9872874943247743
M02,M01,12,9,0.9463369963369963
M02,M01,12,10,1.0
M02,M01,12,11,0.9871956224350205
M02,M01,12,12,1.0
M02,M01,12,13,0.9874580162408061
M02,M01,12,14,0.9873780572379676
M02,M01,12,15,0.9446808510638298
M02,M01,12,16,0.974080771549126
M02,M01,12,17,0.9744299128101945
M02,M01,12,18,0.9871375251220212
M02,M01,12,19,0.987389774752136
M02,M01,13,0,0.9864424802286169
M02,M01,13,1,0.9868941312363944
M02,M01,13,2,0.9865517452167003
M02,M01,13,3,0.9866762098772229
M02,M01,13,4,0.9865454322049518
M02,M01,13,5,0.9862568904326814
M02,M01,13,6,0.9867653770092795
M02,M01,13,7,1.0
M02,M01,13,8,0.9867653770092795
M02,M01,13,9,0.9867653770092795
M02,M01,13,10,0.9862472456500266
M02,M01,13,11,0.9866962305986696
M02,M01,13,12,0.9725490196078431
M02,M01,13,13,1.0
M02,M01,13,14,0.9105442176870748
M02,M01,13,15,0.9864925420907753
M02,M01,13,16,0.9867653770092795
M02,M01,13,17,0.9869918699186992
M02,M01,13,18,0.9723262032085561
M02,M01,13,19,0.9867653770092795
M02,M01,14,0,1.0
M02,M01,14,1,1.0
M02,M01,14,2,0.9862518433947005
M02,M01,14,3,0.985950985950986
M02,M01,14,4,0.9711331901181526
M02,M01,14,5,0.9860508190079296
M02,M01,14,6,0.9555834904672114
M02,M01,14,7,1.0
M02,M01,14,8,0.9856869498660543
M02,M01,14,9,0.9567567567567568
M02,M01,14,10,0.9857867295193201
M02,M01,14,11,0.9859263543474069
M02,M01,14,12,1.0
M02,M01,14,13,0.9859200413356585
M02,M01,14,14,1.0
M02,M01,14,15,0.9555633555633556
M02,M01,14,16,0.9861569922919616
M02,M01,14,17,0.9859688334264605
M02,M01,14,18,0.9859688334264605
M02,M01,14,19,0.9862123691910926
M02,M01,15,0,1.0
M02,M01,15,1,0.9850287605389647
M02,M01,15,2,0.9853209853209853
M02,M01,15,3,0.9695048309178744
M02,M01,15,4,0.9854763854763855
M02,M01,15,5,1.0
M02,M01,15,6,1.0
M02,M01,15,7,0.9854249153612211
M02,M01,15,8,0.9853526996384139
M02,M01,15,9,0.9851810034577659
M02,M01,15,10,0.9847682734280673
M02,M01,15,11,1.0
M02,M01,15,12,0.9847682734280673
M02,M01,15,13,0.9843767818451363
M02,M01,15,14,1.0
M02,M01,15,15,1.0
M02,M01,15,16,1.0
M02,M01,15,17,1.0
M02,M01,15,18,0.9854844824784705
M02,M01,15,19,1.0
M02,M01,16,0,0.9843058350100604
M02,M01,16,1,0.9841662980981867
M02,M01,16,2,1.0
M02,M01,16,3,0.9842037116961588
M02,M01,16,4,0.9844420210832425
M02,M01,16,5,1.0
M02,M01,16,6,1.0
M02,M01,16,7,1.0
M02,M01,16,8,1.0
M02,M01,16,9,0.9844355133357691
M02,M01,16,10,0.9842306061890631
M02,M01,16,11,0.9846056382641748
M02,M01,16,12,0.967698061883713
M02,M01,16,13,0.9679566563467492
M02,M01,16,14,0.9323717948717949
M02,M01,16,15,0.9833887043189369
M02,M01,16,16,0.984816619646063
M02,M01,16,17,0.9838555496548061
M02,M01,16,18,0.984543325526932
M02,M01,16,19,1.0
M02,M01,17,0,0.9838383838383838
M02,M01,17,1,1.0
M02,M01,17,2,0.9833004972323858
M02,M01,17,3,0.9278084714548803
M02,M01,17,4,0.9660177595628415
M02,M01,17,5,0.9836494440810988
M02,M01,17,6,0.9839377380360987
M02,M01,17,7,0.9471083987213019
M02,M01,17,8,0.9838089838089839
M02,M01,17,9,0.9835697124699683
M02,M01,17,10,0.9650186567164178
M02,M01,17,11,0.9837778210369217
M02,M01,17,12,0.9657914201183432
M02,M01,17,13,1.0
M02,M01,17,14,1.0
M02,M01,17,15,1.0
M02,M01,17,16,1.0
M02,M01,17,17,0.9834786218347862
M02,M01,17,18,0.9828722002635046
M02,M01,17,19,0.9834557271883178
M02,M01,18,0,0.9824782100817684
M02,M01,18,1,0.9825921953634189
M02,M01,18,2,1.0
M02,M01,18,3,0.9818946831569553
M02,M01,18,4,0.982012231682456
M02,M01,18,5,0.9824782100817684
M02,M01,18,6,1.0
M02,M01,18,7,1.0
M02,M01,18,8,1.0
M02,M01,18,9,0.9634615384615385
M02,M01,18,10,0.9824782100817684
M02,M01,18,11,0.9214285714285715
M02,M01,18,12,0.9826889346450087
M02,M01,18,13,1.0
M02,M01,18,14,0.9418380938286222
M02,M01,18,15,0.9634199134199135
M02,M01,18,16,0.9824782100817684
M02,M01,18,17,0.9449050755521116
M02,M01,18,18,1.0
M02,M01,18,19,0.9820527859237537
M02,M01,19,0,0.9814323607427056
M02,M01,19,1,1.0
M02,M01,19,2,0.9804330392943064
M02,M01,19,3,1.0
M02,M01,19,4,1.0
M02,M01,19,5,1.0
M02,M01,19,6,0.9814798483111385
M02,M01,19,7,0.9599753694581281
M02,M01,19,8,1.0
M02,M01,19,9,1.0
M02,M01,19,10,1.0
M02,M01,19,11,1.0
M02,M01,19,12,0.9813580604655656
M02,M01,19,13,0.9615232833464877
M02,M01,19,14,0.9813658630294881
M02,M01,19,15,1.0
M02,M01,19,16,0.9812388638507494
M02,M01,19,17,0.9816091954022989
M02,M01,19,18,0.9813658630294881
M02,M01,19,19,1.0
M02,M01,20,0,0.9799709074633546
M02,M01,20,1,0.9797632684230622
M02,M01,20,2,0.9344649446494465
M02,M01,20,3,0.9800237555339596
M02,M01,20,4,0.9353846153846154
M02,M01,20,5,1.0
M02,M01,20,6,0.9799238490827276
M02,M01,20,7,1.0
M02,M01,20,8,1.0
M02,M01,20,9,0.9095238095238096
M02,M01,20,10,0.9800887238213143
M02,M01,20,11,1.0
M02,M01,20,12,0.9578347578347579
M02,M01,20,13,1.0
M02,M01,20,14,0.9348453608247422
M02,M01,20,15,0.9791559000861326
M02,M01,20,16,1.0
M02,M01,20,17,1.0
M02,M01,20,18,1.0
M02,M01,20,19,1.0
M02,M03,0,0,0.8053448898519322
M02,M03,0,1,0.8552631578947368
M02,M03,0,2,0.8552631578947368
M02,M03,0,3,0.8096751412429379
M02,M03,0,4,0.8309814989024773
M02,M03,0,5,0.8053448898519322
M02,M03,0,6,0.7471857410881801
M02,M03,0,7,0.8096751412429379
M02,M03,0,8,0.7471857410881801
M02,M03,0,9,0.8053448898519322
M02,M03,0,10,0.8096751412429379
M02,M03,0,11,0.8053448898519322
M02,M03,0,12,0.8053448898519322
M02,M03,0,13,0.8552631578947368
M02,M03,0,14,0.8053448898519322
M02,M03,0,15,0.8053448898519322
M02,M03,0,16,0.8053448898519322
M02,M03,0,17,0.8552631578947368
M02,M03,0,18,0.8552631578947368
M02,M03,0,19,0.8053448898519322
M02,M03,1,0,0.7701312187293495
M02,M03,1,1,0.9275254034668261
M02,M03,1,2,0.6969135802469135
M02,M03,1,3,0.8312714776632302
M02,M03,1,4,0.8312456506610995
M02,M03,1,5,0.8830832089259055
M02,M03,1,6,0.7701203905583467
M02,M03,1,7,0.8312456506610995
M02,M03,1,8,0.7701203905583467
M02,M03,1,9,0.855097867367806
M02,M03,1,10,0.7701203905583467
M02,M03,1,11,0.7701312187293495
M02,M03,1,12,0.8312925170068026
M02,M03,1,13,0.7701312187293495
M02,M03,1,14,0.8312714776632302
M02,M03,1,15,0.8830832089259055
M02,M03,1,16,0.8312714776632302
M02,M03,1,17,0.8312456506610995
M02,M03,1,18,0.8313049357674104
M02,M03,1,19,0.7701526074337608
M02,M03,2,0,0.7976851851851852
M02,M03,2,1,0.797938144329897
M02,M03,2,2,0.7193050693634124
M02,M03,2,3,0.8620689655172413
M02,M03,2,4,0.8619181505779444
M02,M03,2,5,0.8620689655172413
M02,M03,2,6,0.9155354449472097
M02,M03,2,7,0.8982935153583618
M02,M03,2,8,0.7977426636568848
M02,M03,2,9,0.797938144329897
M02,M03,2,10,0.7977426636568848
M02,M03,2,11,0.7977116704805491
M02,M03,2,12,0.7977220956719817
M02,M03,2,13,0.8619181505779444
M02,M03,2,14,0.9155354449472097
M02,M03,2,15,0.7193050693634124
M02,M03,2,16,0.9156206415620642
M02,M03,2,17,0.797938144329897
M02,M03,2,18,0.797737556561086
M02,M03,2,19,0.7977272727272727
M02,M03,3,0,0.7476851851851851
M02,M03,3,1,0.8314077877620881
M02,M03,3,2,0.8314077877620881
M02,M03,3,3,0.6399669694467383
M02,M03,3,4,0.8988610478359909
M02,M03,3,5,0.8314077877620881
M02,M03,3,6,0.831615120274914
M02,M03,3,7,0.8987244897959183
M02,M03,3,8,0.8314745972738538
M02,M03,3,9,0.8313622426631625
M02,M03,3,10,0.8315952105059868
M02,M03,3,11,0.7477116704805492
M02,M03,3,12,0.8315952105059868
M02,M03,3,13,0.831615120274914
M02,M03,3,14,0.7476851851851851
M02,M03,3,15,0.8988888888888888
M02,M03,3,16,0.7476851851851851
M02,M03,3,17,0.8988532110091743
M02,M03,3,18,0.831765935214211
M02,M03,3,19,0.8314559866499791
M02,M03,4,0,0.8737244897959184
M02,M03,4,1,0.8737468671679198
M02,M03,4,2,0.8735207100591715
M02,M03,4,3,0.873759305210918
M02,M03,4,4,0.8736842105263158
M02,M03,4,5,1.0
M02,M03,4,6,0.7837985769020251
M02,M03,4,7,0.873868778280543
M02,M03,4,8,0.8737012987012986
M02,M03,4,9,0.7837887401430406
M02,M03,4,10,0.9437942493859268
M02,M03,4,11,0.783803457688808
M02,M03,4,12,0.8737244897959184
M02,M03,4,13,1.0
M02,M03,4,14,0.6643518518518519
M02,M03,4,15,0.8735795454545454
M02,M03,4,16,0.9438139274204848
M02,M03,4,17,0.783803457688808
M02,M03,4,18,0.8737244897959184
M02,M03,4,19,0.8737146529562982
M02,M03,5,0,0.6977843426883309
M02,M03,5,1,0.6977843426883309
M02,M03,5,2,0.8320578231292517
M02,M03,5,3,0.8320175438596491
M02,M03,5,4,1.0
M02,M03,5,5,0.6980744544287548
M02,M03,5,6,0.6978038067349928
M02,M03,5,7,0.8316610925306578
M02,M03,5,8,1.0
M02,M03,5,9,0.9279409115474688
M02,M03,5,10,0.9278306878306878
M02,M03,5,11,0.831888246628131
M02,M03,5,12,0.831888246628131
M02,M03,5,13,0.9279279279279279
M02,M03,5,14,0.8320578231292517
M02,M03,5,15,0.8319047619047619
M02,M03,5,16,0.927733907633405
M02,M03,5,17,0.8319047619047619
M02,M03,5,18,0.927921233512911
M02,M03,5,19,0.6978038067349928
M02,M03,6,0,0.7487146529562982
M02,M03,6,1,0.8992887624466572
M02,M03,6,2,0.8991624790619765
M02,M03,6,3,0.8992592592592592
M02,M03,6,4,0.7487146529562982
M02,M03,6,5,0.7485714285714286
M02,M03,6,6,0.8991624790619765
M02,M03,6,7,1.0
M02,M03,6,8,0.927854068456651
M02,M03,6,9,0.8991624790619765
M02,M03,6,10,0.8992846924177397
M02,M03,6,11,0.7483277591973244
M02,M03,6,12,0.8991624790619765
M02,M03,6,13,0.7483277591973244
M02,M03,6,14,0.8992846924177397
M02,M03,6,15,0.8991624790619765
M02,M03,6,16,1.0
M02,M03,6,17,0.8992592592592592
M02,M03,6,18,1.0
M02,M03,6,19,0.8992592592592592
M02,M03,7,0,1.0
M02,M03,7,1,1.0
M02,M03,7,2,0.8325925925925926
M02,M03,7,3,0.8324958123953099
M02,M03,7,4,1.0
M02,M03,7,5,0.8324958123953099
M02,M03,7,6,1.0
M02,M03,7,7,0.8324958123953099
M02,M03,7,8,1.0
M02,M03,7,9,1.0
M02,M03,7,10,1.0
M02,M03,7,11,0.4983277591973244
M02,M03,7,12,1.0
M02,M03,7,13,0.8326180257510729
M02,M03,7,14,1.0
M02,M03,7,15,1.0
M02,M03,7,16,0.8324958123953099
M02,M03,7,17,1.0
M02,M03,7,18,1.0
M02,M03,7,19,0.8325925925925926
M02,M03,8,0,0.4991624790619765
M02,M03,8,1,1.0
M02,M03,8,2,0.4991624790619765
M02,M03,8,3,0.49925925925925924
M02,M03,8,4,1.0
M02,M03,8,5,1.0
M02,M03,8,6,0.4991624790619765
M02,M03,8,7,1.0
M02,M03,8,8,1.0
M02,M03,8,9,1.0
M02,M03,8,10,0.4991624790619765
M02,M03,8,11,1.0
M02,M03,8,12,0.49925925925925924
M02,M03,8,13,1.0
M02,M03,8,14,0.49925925925925924
M02,M03,8,15,1.0
M02,M03,8,16,0.4991624790619765
M02,M03,8,17,1.0
M02,M03,8,18,0.4991624790619765
M02,M03,8,19,0.4991624790619765
M03,M01,0,0,0.8867471632237416
M03,M01,0,1,0.7328633769721383
M03,M01,0,2,0.7152002926650813
M03,M01,0,3,0.7815656565656566
M03,M01,0,4,0.7152002926650813
M03,M01,0,5,0.6571910854514764
M03,M01,0,6,0.7328633769721383
M03,M01,0,7,0.9086910626319493
M03,M01,0,8,0.7815656565656566
M03,M01,0,9,0.766000386456835
M03,M01,0,10,0.766000386456835
M03,M01,0,11,0.7152002926650813
M03,M01,0,12,0.8380402558901545
M03,M01,0,13,0.6774239816408492
M03,M01,0,14,0.766000386456835
M03,M01,0,15,0.6359719438877756
M03,M01,0,16,0.8108906882591094
M03,M01,0,17,0.8904292751583391
M03,M01,0,18,0.6967395115110436
M03,M01,0,19,0.6571910854514764
M03,M01,1,0,0.9054288734521292
M03,M01,1,1,0.8312854030501089
M03,M01,1,2,0.8311111111111111
M03,M01,1,3,0.91627048492645
M03,M01,1,4,0.8941675503711559
M03,M01,1,5,0.9759434197200869
M03,M01,1,6,0.9683807297753538
M03,M01,1,7,0.8939759036144579
M03,M01,1,8,0.9562600538615866
M03,M01,1,9,0.9562355258119222
M03,M01,1,10,0.8447623324138815
M03,M01,1,11,0.9162907268170426
M03,M01,1,12,0.9160692428746284
M03,M01,1,13,0.8939626783754117
M03,M01,1,14,0.7550644567219154
M03,M01,1,15,0.7010698552548773
M03,M01,1,16,0.8577426939872355
M03,M01,1,17,0.8939759036144579
M03,M01,1,18,0.6390272734948915
M03,M01,1,19,0.9745293466223699
M03,M01,2,0,0.71602729466589
M03,M01,2,1,0.8896865815628295
M03,M01,2,2,0.9130506893334716
M03,M01,2,3,0.9736876776269974
M03,M01,2,4,0.944704433497537
M03,M01,2,5,0.9546186950580269
M03,M01,2,6,0.9744278439930614
M03,M01,2,7,0.9642800318217979
M03,M01,2,8,0.9548086293543271
M03,M01,2,9,0.9914786967418546
M03,M01,2,10,0.8899693047416661
M03,M01,2,11,0.9546962862876787
M03,M01,2,12,0.9914786967418546
M03,M01,2,13,0.9019844139149995
M03,M01,2,14,0.9345964912280702
M03,M01,2,15,0.9012949379697546
M03,M01,2,16,0.9240567558851983
M03,M01,2,17,0.9450911486931693
M03,M01,2,18,0.9826719269745494
M03,M01,2,19,0.9547369452336631
M03,M01,3,0,0.9559261585847738
M03,M01,3,1,0.9528638109034053
M03,M01,3,2,0.9630172413793103
M03,M01,3,3,0.8976117398810666
M03,M01,3,4,0.94284005468216
M03,M01,3,5,0.9089718906430497
M03,M01,3,6,0.887582854617764
M03,M01,3,7,0.9210359503758037
M03,M01,3,8,0.9911564481581235
M03,M01,3,9,0.8736664795058956
M03,M01,3,10,0.9629727121172238
M03,M01,3,11,0.9629062753218691
M03,M01,3,12,0.9630722536042492
M03,M01,3,13,0.8854249166006671
M03,M01,3,14,0.9726942134700041
M03,M01,3,15,0.7242517223412261
M03,M01,3,16,0.6246453492830304
M03,M01,3,17,0.9629596966222771
M03,M01,3,18,0.9628290693362995
M03,M01,3,19,0.8977634287853267
M03,M01,4,0,1.0
M03,M01,4,1,0.9407131011608623
M03,M01,4,2,0.9616950407105848
M03,M01,4,3,0.9814531376609346
M03,M01,4,4,0.9058358521274121
M03,M01,4,5,0.9662183544303797
M03,M01,4,6,1.0
M03,M01,4,7,0.9513196480938416
M03,M01,4,8,0.9402071563088512
M03,M01,4,9,0.9341856060606061
M03,M01,4,10,0.9814288334556127
M03,M01,4,11,0.9406565656565656
M03,M01,4,12,0.9064266275905379
M03,M01,4,13,0.9909104175787521
M03,M01,4,14,0.8802516913996158
M03,M01,4,15,0.9814358693669039
M03,M01,4,16,0.990805999268382
M03,M01,4,17,0.9181017986988136
M03,M01,4,18,0.9404121863799283
M03,M01,4,19,0.9061326658322904
M03,M01,5,0,0.9905384150030248
M03,M01,5,1,0.9378566537320246
M03,M01,5,2,0.9386402106451006
M03,M01,5,3,0.9808608058608059
M03,M01,5,4,0.959914182475158
M03,M01,5,5,0.990508645715007
M03,M01,5,6,0.8551835761138087
M03,M01,5,7,0.9499989316011026
M03,M01,5,8,0.9805351401010565
M03,M01,5,9,0.9494924049676299
M03,M01,5,10,0.9904331576158201
M03,M01,5,11,0.949233066377087
M03,M01,5,12,0.7821165817770233
M03,M01,5,13,0.9380704041720991
M03,M01,5,14,0.9814666310255725
M03,M01,5,15,0.9600811185825595
M03,M01,5,16,0.949233066377087
M03,M01,5,17,0.9818965517241379
M03,M01,5,18,0.9386845039018952
M03,M01,5,19,0.99044559756198
M03,M01,6,0,0.9799477391501932
M03,M01,6,1,0.9800690521029504
M03,M01,6,2,0.7665192051120006
M03,M01,6,3,0.9111418047882136
M03,M01,6,4,0.9901855019076438
M03,M01,6,5,0.8883333333333334
M03,M01,6,6,0.9797084318360914
M03,M01,6,7,0.9627082526152654
M03,M01,6,8,0.9469416199436156
M03,M01,6,9,0.9902520606857006
M03,M01,6,10,0.9694080368716693
M03,M01,6,11,0.9109195402298851
M03,M01,6,12,0.9587294727744167
M03,M01,6,13,0.9901386748844376
M03,M01,6,14,0.9585622710622711
M03,M01,6,15,0.9901503655676644
M03,M01,6,16,0.9901661488585709
M03,M01,6,17,0.9902058560286409
M03,M01,6,18,0.9901705384718679
M03,M01,6,19,0.9694758909853249
M03,M01,7,0,0.9792401787814632
M03,M01,7,1,0.859375
M03,M01,7,2,0.9896747721387011
M03,M01,7,3,0.7542173560421735
M03,M01,7,4,0.9896208581517281
M03,M01,7,5,1.0
M03,M01,7,6,0.9896683716676264
M03,M01,7,7,0.9791869522882182
M03,M01,7,8,0.956987951807229
M03,M01,7,9,0.9896585967195151
M03,M01,7,10,1.0
M03,M01,7,11,0.9681727763569196
M03,M01,7,12,0.9897503770506941
M03,M01,7,13,0.9568354430379746
M03,M01,7,14,0.9897450196734516
M03,M01,7,15,0.9566887417218544
M03,M01,7,16,0.8715298885511651
M03,M01,7,17,0.9567637540453074
M03,M01,7,18,0.9897257016013953
M03,M01,7,19,0.9793241440640285
M03,M01,8,0,0.9413950143815916
M03,M01,8,1,0.9518075952446106
M03,M01,8,2,0.9550970873786407
M03,M01,8,3,0.8934855467113532
M03,M01,8,4,0.7835025322017437
M03,M01,8,5,0.8528335301062574
M03,M01,8,6,0.9891940744233565
M03,M01,8,7,0.9890674102598149
M03,M01,8,8,0.9552083333333333
M03,M01,8,9,0.9540229885057472
M03,M01,8,10,0.989111479732891
M03,M01,8,11,0.989366891035021
M03,M01,8,12,0.9893500547427092
M03,M01,8,13,0.7592183599001344
M03,M01,8,14,0.989173583543847
M03,M01,8,15,0.9545880149812733
M03,M01,8,16,0.9892820016489228
M03,M01,8,17,0.9031385281385282
M03,M01,8,18,0.9786263736263736
M03,M01,8,19,0.9546432964329643
M03,M01,9,0,0.9889829102372656
M03,M01,9,1,0.9529116308271857
M03,M01,9,2,0.9403794037940378
M03,M01,9,3,0.9889202616247901
M03,M01,9,4,0.9888982522991243
M03,M01,9,5,0.9889959183673469
M03,M01,9,6,0.9888982522991243
M03,M01,9,7,0.92982158028887
M03,M01,9,8,0.9888784871746864
M03,M01,9,9,0.9534636351548995
M03,M01,9,10,0.9888818415848972
M03,M01,9,11,0.953199479994222
M03,M01,9,12,0.9772940074906367
M03,M01,9,13,0.9784756097560976
M03,M01,9,14,0.9888471517639313
M03,M01,9,15,0.9890659913600477
M03,M01,9,16,0.9889353331694124
M03,M01,9,17,0.9280104144065957
M03,M01,9,18,0.9780544747081712
M03,M01,9,19,0.9886194477791117
M03,M01,10,0,1.0
M03,M01,10,1,1.0
M03,M01,10,2,1.0
M03,M01,10,3,0.988440891814584
M03,M01,10,4,1.0
M03,M01,10,5,0.9886672501957894
M03,M01,10,6,0.9884236158237196
M03,M01,10,7,0.988464036059437
M03,M01,10,8,1.0
M03,M01,10,9,1.0
M03,M01,10,10,0.9509612251547735
M03,M01,10,11,0.8415714771152991
M03,M01,10,12,0.742445054945055
M03,M01,10,13,0.9476326834817401
M03,M01,10,14,0.9883222010881585
M03,M01,10,15,0.9660017505873681
M03,M01,10,16,0.9051125478927202
M03,M01,10,17,0.9884236158237196
M03,M01,10,18,0.9777973568281938
M03,M01,10,19,0.966486401136857
M03,M01,11,0,0.9879508025849488
M03,M01,11,1,1.0
M03,M01,11,2,1.0
M03,M01,11,3,0.9479561736198905
M03,M01,11,4,0.9879646744711439
M03,M01,11,5,0.9880070546737213
M03,M01,11,6,1.0
M03,M01,11,7,0.9879976232917409
M03,M01,11,8,0.9875696276751685
M03,M01,11,9,0.9879912228206662
M03,M01,11,10,1.0
M03,M01,11,11,0.9878042901904074
M03,M01,11,12,0.9534552845528455
M03,M01,11,13,0.9750204750204751
M03,M01,11,14,0.9878493878493879
M03,M01,11,15,0.9750700841009211
M03,M01,11,16,0.9546808510638298
M03,M01,11,17,0.9648592999313659
M03,M01,11,18,0.9884476253452099
M03,M01,11,19,0.9878136200716845
M03,M01,12,0,1.0
M03,M01,12,1,0.9875025278058644
M03,M01,12,2,0.9872484975176379
M03,M01,12,3,1.0
M03,M01,12,4,0.9876898481215028
M03,M01,12,5,0.9874478786055109
M03,M01,12,6,0.9873619920131548
M03,M01,12,7,1.0
M03,M01,12,8,0.9875115078253212
M03,M01,12,9,0.9464788732394367
M03,M01,12,10,0.9872173586121704
M03,M01,12,11,0.987024384128377
M03,M01,12,12,0.9644706485516534
M03,M01,12,13,0.9879612451041022
M03,M01,12,14,1.0
M03,M01,12,15,0.9739974937343359
M03,M01,12,16,0.9242442394473065
M03,M01,12,17,0.9874613462108697
M03,M01,12,18,0.9867327487609607
M03,M01,12,19,0.928734112115201
M03,M01,13,0,1.0
M03,M01,13,1,1.0
M03,M01,13,2,0.9869136124516324
M03,M01,13,3,0.9433523567956035
M03,M01,13,4,0.892063492063492
M03,M01,13,5,0.925
M03,M01,13,6,0.9868941312363944
M03,M01,13,7,0.9866554527614242
M03,M01,13,8,0.9867433069235151
M03,M01,13,9,0.9867387799677569
M03,M01,13,10,0.986715553430044
M03,M01,13,11,1.0
M03,M01,13,12,0.7816262200448141
M03,M01,13,13,0.902330743618202
M03,M01,13,14,0.9865703101475459
M03,M01,13,15,0.9866339178614268
M03,M01,13,16,0.9587136027813994
M03,M01,13,17,0.9865942242957538
M03,M01,13,18,0.9100497512437811
M03,M01,13,19,0.9741412958626073
M03,M01,14,0,0.9861399861399862
M03,M01,14,1,0.9861042183622828
M03,M01,14,2,0.9715382877795347
M03,M01,14,3,0.9590414563037759
M03,M01,14,4,1.0
M03,M01,14,5,0.9861569922919616
M03,M01,14,6,0.9860708397293763
M03,M01,14,7,1.0
M03,M01,14,8,0.9860457003314146
M03,M01,14,9,0.9707430340557275
M03,M01,14,10,0.9390096618357487
M03,M01,14,11,0.9857867295193201
M03,M01,14,12,0.9859263543474069
M03,M01,14,13,1.0
M03,M01,14,14,0.9859136643946771
M03,M01,14,15,1.0
M03,M01,14,16,1.0
M03,M01,14,17,0.9860085269921335
M03,M01,14,18,0.9861569922919616
M03,M01,14,19,1.0
M03,M01,15,0,0.9849759124683597
M03,M01,15,1,0.9854804502691827
M03,M01,15,2,0.9699286442405708
M03,M01,15,3,0.9852639925989559
M03,M01,15,4,0.9369923701698253
M03,M01,15,5,0.9852758327334599
M03,M01,15,6,0.9852333536544062
M03,M01,15,7,0.9852758327334599
M03,M01,15,8,0.9853628909808685
M03,M01,15,9,0.9849288540877326
M03,M01,15,10,0.9846277504270069
M03,M01,15,11,1.0
M03,M01,15,12,0.9852758327334599
M03,M01,15,13,0.7400735294117646
M03,M01,15,14,1.0
M03,M01,15,15,0.9846277504270069
M03,M01,15,16,0.9852758327334599
M03,M01,15,17,0.9703947368421053
M03,M01,15,18,1.0
M03,M01,15,19,0.9841609050911377
M03,M01,16,0,1.0
M03,M01,16,1,0.9842306061890631
M03,M01,16,2,0.9698748043818466
M03,M01,16,3,1.0
M03,M01,16,4,0.9050911376492772
M03,M01,16,5,0.984543325526932
M03,M01,16,6,0.9450000000000001
M03,M01,16,7,0.9842565597667638
M03,M01,16,8,0.9216906946264745
M03,M01,16,9,0.9847202499289974
M03,M01,16,10,1.0
M03,M01,16,11,0.9840749414519907
M03,M01,16,12,0.9697950377562028
M03,M01,16,13,0.9852874457191004
M03,M01,16,14,0.9684143222506394
M03,M01,16,15,1.0
M03,M01,16,16,0.9846006999681833
M03,M01,16,17,0.9844355133357691
M03,M01,16,18,0.984543325526932
M03,M01,16,19,0.9840856212191718
M03,M01,17,0,1.0
M03,M01,17,1,0.9836775246611312
M03,M01,17,2,1.0
M03,M01,17,3,0.9350104821802935
M03,M01,17,4,0.9836990595611286
M03,M01,17,5,1.0
M03,M01,17,6,0.9833648053232623
M03,M01,17,7,0.9831873552803785
M03,M01,17,8,0.9835697124699683
M03,M01,17,9,0.941451261289318
M03,M01,17,10,0.9834710743801653
M03,M01,17,11,0.9833004972323858
M03,M01,17,12,0.9835697124699683
M03,M01,17,13,0.9834400341442595
M03,M01,17,14,0.9293492695883134
M03,M01,17,15,0.9836990595611286
M03,M01,17,16,0.9837958532695374
M03,M01,17,17,1.0
M03,M01,17,18,0.9835361488904797
M03,M01,17,19,1.0
M03,M01,18,0,1.0
M03,M01,18,1,1.0
M03,M01,18,2,1.0
M03,M01,18,3,0.9825987031108923
M03,M01,18,4,1.0
M03,M01,18,5,1.0
M03,M01,18,6,0.9804226918798665
M03,M01,18,7,1.0
M03,M01,18,8,1.0
M03,M01,18,9,1.0
M03,M01,18,10,0.9821041832896387
M03,M01,18,11,1.0
M03,M01,18,12,0.9528935653581545
M03,M01,18,13,0.982012231682456
M03,M01,18,14,1.0
M03,M01,18,15,0.9827320155779264
M03,M01,18,16,0.982012231682456
M03,M01,18,17,0.9813519813519813
M03,M01,18,18,1.0
M03,M01,18,19,0.9822423032468215
M03,M01,19,0,0.9813962228694917
M03,M01,19,1,0.8724860045614763
M03,M01,19,2,1.0
M03,M01,19,3,0.9468531468531469
M03,M01,19,4,0.9090136054421769
M03,M01,19,5,0.9808998846301756
M03,M01,19,6,0.9813501699854299
M03,M01,19,7,1.0
M03,M01,19,8,1.0
M03,M01,19,9,1.0
M03,M01,19,10,1.0
M03,M01,19,11,0.9812106330735562
M03,M01,19,12,0.9813658630294881
M03,M01,19,13,0.9804330392943064
M03,M01,19,14,0.9815876605023015
M03,M01,19,15,0.9813658630294881
M03,M01,19,16,0.9808998846301756
M03,M01,19,17,1.0
M03,M01,19,18,0.9814181381159286
M03,M01,19,19,0.9809535665380307
M03,M01,20,0,0.979997801956259
M03,M01,20,1,1.0
M03,M01,20,2,1.0
M03,M01,20,3,0.9112890563667766
M03,M01,20,4,1.0
M03,M01,20,5,0.9637254901960784
M03,M01,20,6,1.0
M03,M01,20,7,0.9800887238213143
M03,M01,20,8,0.9798421372191863
M03,M01,20,9,1.0
M03,M01,20,10,1.0
M03,M01,20,11,0.9802708277284549
M03,M01,20,12,1.0
M03,M01,20,13,0.9799709074633546
M03,M01,20,14,1.0
M03,M01,20,15,0.979997801956259
M03,M01,20,16,0.9638418079096045
M03,M01,20,17,0.8391187633064889
M03,M01,20,18,1.0
M03,M01,20,19,0.9802205496236653
M03,M02,0,0,0.5831469930563729
M03,M02,0,1,0.6783915233628626
M03,M02,0,2,0.6672932124209948
M03,M02,0,3,0.633961414308235
M03,M02,0,4,0.6486835682907921
M03,M02,0,5,0.6750210260723297
M03,M02,0,6,0.6374384236453202
M03,M02,0,7,0.6359677588192191
M03,M02,0,8,0.6814509480626546
M03,M02,0,9,0.6222950289204384
M03,M02,0,10,0.6012846805711412
M03,M02,0,11,0.6806030848584039
M03,M02,0,12,0.7132552651498286
M03,M02,0,13,0.6296972771858617
M03,M02,0,14,0.627351783883874
M03,M02,0,15,0.6364425916275838
M03,M02,0,16,0.6533815679181189
M03,M02,0,17,0.6179908580201682
M03,M02,0,18,0.6389777411376751
M03,M02,0,19,0.6891391794046662
M03,M02,1,0,0.6614114751315566
M03,M02,1,1,0.7403598255222487
M03,M02,1,2,0.6852108889472435
M03,M02,1,3,0.7490807033621627
M03,M02,1,4,0.6833282302510717
M03,M02,1,5,0.7032860824742269
M03,M02,1,6,0.7913194444444445
M03,M02,1,7,0.7809101892871526
M03,M02,1,8,0.7935918244664864
M03,M02,1,9,0.6516986410871303
M03,M02,1,10,0.6690189621149749
M03,M02,1,11,0.8276564774381368
M03,M02,1,12,0.7766076074835833
M03,M02,1,13,0.6606621600860347
M03,M02,1,14,0.6845477348967935
M03,M02,1,15,0.7830011554015021
M03,M02,1,16,0.8190570795445862
M03,M02,1,17,0.6812061367716664
M03,M02,1,18,0.6790726817042607
M03,M02,1,19,0.6951542545397161
M03,M02,2,0,0.6866654472288275
M03,M02,2,1,0.8236434108527131
M03,M02,2,2,0.7325831129413017
M03,M02,2,3,0.8183269476372925
M03,M02,2,4,0.8479208933050049
M03,M02,2,5,0.8071474085221186
M03,M02,2,6,0.7956268958543984
M03,M02,2,7,0.8223913732952743
M03,M02,2,8,0.7026143790849673
M03,M02,2,9,0.6527610628893977
M03,M02,2,10,0.6824457593688362
M03,M02,2,11,0.7379720309626652
M03,M02,2,12,0.8859703981655201
M03,M02,2,13,0.7508513502811436
M03,M02,2,14,0.7025616698292221
M03,M02,2,15,0.7067044089487268
M03,M02,2,16,0.8233151183970856
M03,M02,2,17,0.6682037877293352
M03,M02,2,18,0.6715991333609921
M03,M02,2,19,0.6610613731359755
M03,M02,3,0,0.7593988218988219
M03,M02,3,1,0.5962560080951176
M03,M02,3,2,0.8820199612691793
M03,M02,3,3,0.7124324521023999
M03,M02,3,4,0.7679064138765631
M03,M02,3,5,0.903685653365824
M03,M02,3,6,0.7564380650139024
M03,M02,3,7,0.7314602277743445
M03,M02,3,8,0.6519926379446344
M03,M02,3,9,0.8636010026795746
M03,M02,3,10,0.7906257228776312
M03,M02,3,11,0.8609049169717441
M03,M02,3,12,0.7817612932664102
M03,M02,3,13,0.8327802719760558
M03,M02,3,14,0.7845799716338441
M03,M02,3,15,0.7206995658288999
M03,M02,3,16,0.9113964035107511
M03,M02,3,17,0.922000128818945
M03,M02,3,18,0.6776284771334276
M03,M02,3,19,0.7675236211821578
M03,M02,4,0,0.7493343096791373
M03,M02,4,1,0.8164411105096281
M03,M02,4,2,0.7988810313971471
M03,M02,4,3,0.7763197136892335
M03,M02,4,4,0.7257176480477451
M03,M02,4,5,0.7176777560339205
M03,M02,4,6,0.8283898305084746
M03,M02,4,7,0.8485958485958486
M03,M02,4,8,0.6513111268603827
M03,M02,4,9,0.6524640444315497
M03,M02,4,10,0.8717138306994977
M03,M02,4,11,0.8300613366725386
M03,M02,4,12,0.6671094344969272
M03,M02,4,13,0.7443687506867377
M03,M02,4,14,0.928506923540036
M03,M02,4,15,0.791728183625662
M03,M02,4,16,0.8023190045248869
M03,M02,4,17,0.876874394880393
M03,M02,4,18,0.8942922374429224
M03,M02,4,19,0.7756829410055217
M03,M02,5,0,0.7150855174110988
M03,M02,5,1,0.765926640926641
M03,M02,5,2,0.6773359888090665
M03,M02,5,3,0.7611893827352689
M03,M02,5,4,0.8853258696521391
M03,M02,5,5,0.8262243285939967
M03,M02,5,6,0.8854310682144255
M03,M02,5,7,0.7944429984383135
M03,M02,5,8,0.8470310109859547
M03,M02,5,9,0.70415839004852
M03,M02,5,10,0.952175786299009
M03,M02,5,11,0.717899949171162
M03,M02,5,12,0.9326799326799327
M03,M02,5,13,0.7530394158435874
M03,M02,5,14,0.7794486215538847
M03,M02,5,15,0.7162530266343825
M03,M02,5,16,0.9499654934437542
M03,M02,5,17,0.8175490834651531
M03,M02,5,18,0.8901643990929705
M03,M02,5,19,0.7185829577612409
M03,M02,6,0,0.6938192520775623
M03,M02,6,1,0.9245173745173745
M03,M02,6,2,0.8495726112220402
M03,M02,6,3,0.7321135812184405
M03,M02,6,4,0.8893247408237601
M03,M02,6,5,0.8272979339962891
M03,M02,6,6,0.8093911967200433
M03,M02,6,7,0.8652266062770374
M03,M02,6,8,0.8407223528728625
M03,M02,6,9,0.9498364231188658
M03,M02,6,10,0.8231511254019293
M03,M02,6,11,0.7826086956521738
M03,M02,6,12,0.775976290097629
M03,M02,6,13,0.8207070707070707
M03,M02,6,14,0.8225108225108224
M03,M02,6,15,0.8017086330935252
M03,M02,6,16,0.8620171484133298
M03,M02,6,17,0.8311087617285582
M03,M02,6,18,0.8597445995942237
M03,M02,6,19,0.7897199326614049
M03,M02,7,0,0.8315139767394409
M03,M02,7,1,0.8226299694189603
M03,M02,7,2,0.7294980751071403
M03,M02,7,3,0.7656770833333333
M03,M02,7,4,0.9721690590111642
M03,M02,7,5,0.8567239212400503
M03,M02,7,6,0.7888563049853372
M03,M02,7,7,0.9416354556803994
M03,M02,7,8,0.8328995147658986
M03,M02,7,9,0.8987875184198961
M03,M02,7,10,0.9722391238211134
M03,M02,7,11,0.8840879516866305
M03,M02,7,12,0.8705956112852664
M03,M02,7,13,0.7996388028895769
M03,M02,7,14,0.7389805466633834
M03,M02,7,15,0.7969559585492227
M03,M02,7,16,0.9475062344139651
M03,M02,7,17,0.8369565217391304
M03,M02,7,18,0.8978723404255319
M03,M02,7,19,0.8554171855541719
M03,M02,8,0,0.8791475838863445
M03,M02,8,1,0.833208862335076
M03,M02,8,2,0.7532647957766045
M03,M02,8,3,0.7707442673921492
M03,M02,8,4,0.845925925925926
M03,M02,8,5,0.8684640522875817
M03,M02,8,6,0.9325417311994493
M03,M02,8,7,0.924823302634397
M03,M02,8,8,0.9381553225519815
M03,M02,8,9,0.882882882882883
M03,M02,8,10,0.8937586685159501
M03,M02,8,11,0.8468626590609916
M03,M02,8,12,0.7779016474668649
M03,M02,8,13,0.8931506849315068
M03,M02,8,14,0.9026392961876832
M03,M02,8,15,0.8086835606914243
M03,M02,8,16,0.9206658863311223
M03,M02,8,17,0.9353425051187183
M03,M02,8,18,0.8213930348258707
M03,M02,8,19,0.8602150537634408
M03,M02,9,0,0.7468470534281129
M03,M02,9,1,0.8977932636469221
M03,M02,9,2,0.9514139305371039
M03,M02,9,3,0.745771144278607
M03,M02,9,4,0.8359255596511732
M03,M02,9,5,0.860663140239969
M03,M02,9,6,0.9523809523809523
M03,M02,9,7,0.8942339373970346
M03,M02,9,8,0.8588845654993515
M03,M02,9,9,0.851290684624018
M03,M02,9,10,0.8957983193277311
M03,M02,9,11,0.952175786299009
M03,M02,9,12,0.8466636266909865
M03,M02,9,13,0.9594108019639935
M03,M02,9,14,0.9148340430496413
M03,M02,9,15,0.7512427287149657
M03,M02,9,16,0.9850640906557682
M03,M02,9,17,0.8763234757210661
M03,M02,9,18,0.8324320056842853
M03,M02,9,19,0.9244931251456536
M03,M02,10,0,0.8997282608695651
M03,M02,10,1,0.8445199019053009
M03,M02,10,2,0.9188271604938272
M03,M02,10,3,0.7837837837837838
M03,M02,10,4,0.930188679245283
M03,M02,10,5,0.8706596819804366
M03,M02,10,6,0.8413943355119826
M03,M02,10,7,0.8819202477739063
M03,M02,10,8,0.9202804591077174
M03,M02,10,9,0.9300760043431053
M03,M02,10,10,0.7782635094110504
M03,M02,10,11,0.9487557603686636
M03,M02,10,12,0.8705522914218566
M03,M02,10,13,0.9015625
M03,M02,10,14,0.9490833922645923
M03,M02,10,15,0.8514586014586014
M03,M02,10,16,0.84
M03,M02,10,17,0.9487773644734434
M03,M02,10,18,0.8809020839280617
M03,M02,10,19,0.7875311720698255
M03,M02,11,0,0.9839849269901084
M03,M02,11,1,0.920267861444332
M03,M02,11,2,0.9378319889828841
M03,M02,11,3,0.8678825622775801
M03,M02,11,4,0.8616671831422373
M03,M02,11,5,0.8767619814740234
M03,M02,11,6,0.7490081076418837
M03,M02,11,7,0.8096491228070175
M03,M02,11,8,0.9024764409379793
M03,M02,11,9,0.8535240040858019
M03,M02,11,10,0.9052991886409736
M03,M02,11,11,0.9152226073047187
M03,M02,11,12,0.9449646037908198
M03,M02,11,13,0.7440900981266726
M03,M02,11,14,0.9648681055155875
M03,M02,11,15,0.940923317683881
M03,M02,11,16,0.885604422013939
M03,M02,11,17,0.9511285980534272
M03,M02,11,18,0.9690354402630618
M03,M02,11,19,0.945685188493836
M03,M02,12,0,0.8817532627431667
M03,M02,12,1,0.8525494672754947
M03,M02,12,2,0.8271777003484321
M03,M02,12,3,0.9146110056925996
M03,M02,12,4,0.9453632407097422
M03,M02,12,5,0.9301384451544197
M03,M02,12,6,0.8095580309019044
M03,M02,12,7,0.8810309163079331
M03,M02,12,8,0.9308774834437086
M03,M02,12,9,0.8849879872897776
M03,M02,12,10,0.827946127946128
M03,M02,12,11,0.9627084272194683
M03,M02,12,12,0.9415981446341977
M03,M02,12,13,1.0
M03,M02,12,14,0.9818577197887544
M03,M02,12,15,0.9071915351506457
M03,M02,12,16,0.9620026092628833
M03,M02,12,17,0.9113095238095239
M03,M02,12,18,0.9336538461538462
M03,M02,12,19,0.9286163522012578
M03,M02,13,0,0.9590994371482177
M03,M02,13,1,0.8669859733150873
M03,M02,13,2,0.8977272727272727
M03,M02,13,3,0.8808800779235662
M03,M02,13,4,0.7944577161968467
M03,M02,13,5,0.78020030816641
M03,M02,13,6,0.7951636439441317
M03,M02,13,7,0.9590994371482177
M03,M02,13,8,0.9127140974967063
M03,M02,13,9,0.958974358974359
M03,M02,13,10,0.8703589381779698
M03,M02,13,11,0.9288288288288289
M03,M02,13,12,0.847634152788792
M03,M02,13,13,0.9453404413253256
M03,M02,13,14,0.8859280037400654
M03,M02,13,15,0.8478132387706856
M03,M02,13,16,0.9089198091012973
M03,M02,13,17,0.7479166666666667
M03,M02,13,18,0.9410119501652683
M03,M02,13,19,0.9645114942528736
M03,M02,14,0,0.9040657834627683
M03,M02,14,1,0.9248949579831933
M03,M02,14,2,0.9614767255216694
M03,M02,14,3,0.8413671023965141
M03,M02,14,4,0.8780528465449695
M03,M02,14,5,0.9790328820116054
M03,M02,14,6,0.9230158730158731
M03,M02,14,7,0.9035890218156228
M03,M02,14,8,0.9350819672131148
M03,M02,14,9,0.980073030777256
M03,M02,14,10,0.9557692307692307
M03,M02,14,11,0.9787654320987654
M03,M02,14,12,0.8860698125404007
M03,M02,14,13,0.978759305210918
M03,M02,14,14,0.9267108167770419
M03,M02,14,15,0.7486888111888111
M03,M02,14,16,0.9235963041933191
M03,M02,14,17,0.9240465416936006
M03,M02,14,18,0.9394939493949395
M03,M02,14,19,0.9316113613383583
M03,M02,15,0,1.0
M03,M02,15,1,0.9555243445692884
M03,M02,15,2,0.9561306901615272
M03,M02,15,3,0.7870129870129869
M03,M02,15,4,0.9517982017982018
M03,M02,15,5,0.9305809280233832
M03,M02,15,6,0.9774371463362224
M03,M02,15,7,0.9243931555909272
M03,M02,15,8,0.9047619047619048
M03,M02,15,9,0.9412324530097549
M03,M02,15,10,0.9565972222222222
M03,M02,15,11,0.9517521584560691
M03,M02,15,12,0.8148148148148148
M03,M02,15,13,0.9133221850613156
M03,M02,15,14,0.9512341962673088
M03,M02,15,15,0.9315288126002075
M03,M02,15,16,0.8444460999776503
M03,M02,15,17,0.937131931166348
M03,M02,15,18,0.8944444444444445
M03,M02,15,19,0.9005203550658096
M03,M02,16,0,0.7996652159357215
M03,M02,16,1,0.7580188679245283
M03,M02,16,2,0.9477578475336323
M03,M02,16,3,0.9472067039106145
M03,M02,16,4,0.9482014388489208
M03,M02,16,5,0.9521299956082565
M03,M02,16,6,0.9310419603165998
M03,M02,16,7,0.9478354978354979
M03,M02,16,8,0.89185667752443
M03,M02,16,9,0.8744802494802495
M03,M02,16,10,0.8511392405063292
M03,M02,16,11,0.9560291858678955
M03,M02,16,12,0.9243931555909272
M03,M02,16,13,0.8459069020866774
M03,M02,16,14,1.0
M03,M02,16,15,0.9741824440619621
M03,M02,16,16,0.826266195524146
M03,M02,16,17,0.9513196480938416
M03,M02,16,18,0.9512121212121212
M03,M02,16,19,0.9085365853658537
M03,M02,17,0,0.9517364657814096
M03,M02,17,1,0.7918263090676884
M03,M02,17,2,0.9466666666666667
M03,M02,17,3,0.7144654088050315
M03,M02,17,4,0.8848728246318608
M03,M02,17,5,0.9720230809582094
M03,M02,17,6,0.9309462915601023
M03,M02,17,7,0.9477272727272728
M03,M02,17,8,0.9750618080189186
M03,M02,17,9,0.9302233381789349
M03,M02,17,10,0.8843405595252514
M03,M02,17,11,0.8957446808510638
M03,M02,17,12,0.9747820254862508
M03,M02,17,13,0.9009608277900961
M03,M02,17,14,0.9520454545454545
M03,M02,17,15,0.9749435933974587
M03,M02,17,16,0.7857800439062389
M03,M02,17,17,0.8492966360856269
M03,M02,17,18,1.0
M03,M02,17,19,0.906814210832848
M03,M02,18,0,0.8523581681476418
M03,M02,18,1,0.9068466730954676
M03,M02,18,2,0.9347067039106145
M03,M02,18,3,0.8961636828644501
M03,M02,18,4,0.9342320261437909
M03,M02,18,5,0.8013278008298755
M03,M02,18,6,0.969365741406587
M03,M02,18,7,0.9689488910318226
M03,M02,18,8,0.8601702275490707
M03,M02,18,9,0.9165750196386488
M03,M02,18,10,0.8955223880597015
M03,M02,18,11,0.941111111111111
M03,M02,18,12,0.9033437826541275
M03,M02,18,13,0.8180790960451978
M03,M02,18,14,0.9725804577669339
M03,M02,18,15,0.7909137842023748
M03,M02,18,16,0.8810162819824656
M03,M02,18,17,1.0
M03,M02,18,18,0.9722597091018144
M03,M02,18,19,0.8515873015873017
M03,M02,19,0,0.8559044048734771
M03,M02,19,1,0.7791623399100034
M03,M02,19,2,0.8706643151087595
M03,M02,19,3,0.9258540372670807
M03,M02,19,4,0.9689701123167713
M03,M02,19,5,0.8950819672131147
M03,M02,19,6,0.9056918313884258
M03,M02,19,7,0.9253034547152195
M03,M02,19,8,0.8810182623132263
M03,M02,19,9,0.965266106442577
M03,M02,19,10,0.8963325183374083
M03,M02,19,11,0.8963325183374083
M03,M02,19,12,0.9149301825993554
M03,M02,19,13,0.8706643151087595
M03,M02,19,14,0.9650055370985604
M03,M02,19,15,0.9691797845898923
M03,M02,19,16,0.8460918614020951
M03,M02,19,17,0.9403794037940378
M03,M02,19,18,0.9172163144433975
M03,M02,19,19,0.968563943796142
M03,M02,20,0,0.9652421652421652
M03,M02,20,1,0.9601379013143719
M03,M02,20,2,0.9252380952380952
M03,M02,20,3,0.7944444444444445
M03,M02,20,4,0.8939271255060729
M03,M02,20,5,0.8278867102396514
M03,M02,20,6,0.964642375168691
M03,M02,20,7,0.9255952380952381
M03,M02,20,8,0.9655277145026575
M03,M02,20,9,0.7673611111111112
M03,M02,20,10,0.8247126436781609
M03,M02,20,11,0.9651560926485399
M03,M02,20,12,0.964642375168691
M03,M02,20,13,0.837603305785124
M03,M02,20,14,0.9652421652421652
M03,M02,20,15,0.8058361391694725
M03,M02,20,16,1.0
M03,M02,20,17,0.9598773319703553
M03,M02,20,18,0.8581329867879575
M03,M02,20,19,0.964642375168691
